,Country Code,Country Name,Borrowed from a financial institution (% age 15+),Borrowed from a financial institution or used a credit card (% age 15+),"Borrowed from a financial institution or used a credit card, female (% age 15+)","Borrowed from a financial institution or used a credit card, in labor force (% age 15+)","Borrowed from a financial institution or used a credit card, income, poorest 40% (% age 15+)","Borrowed from a financial institution or used a credit card, income, richest 60% (% age 15+)","Borrowed from a financial institution or used a credit card, male (% age 15+)","Borrowed from a financial institution or used a credit card, older adults (% age 25+)","Borrowed from a financial institution or used a credit card, out of labor force (% age 15+)","Borrowed from a financial institution or used a credit card, primary education or less (% age 15+)","Borrowed from a financial institution or used a credit card, rural (% age 15+)","Borrowed from a financial institution or used a credit card, secondary education or more (% age 15+)","Borrowed from a financial institution or used a credit card, young adults (% age 15-24)","Borrowed from a financial institution, female (% age 15+)","Borrowed from a financial institution, in labor force (% age 15+)","Borrowed from a financial institution, income, poorest 40% (% age 15+)","Borrowed from a financial institution, income, richest 60% (% age 15+)","Borrowed from a financial institution, male (% age 15+)","Borrowed from a financial institution, older adults  (% age 25+)","Borrowed from a financial institution, out of labor force (% age 15+)","Borrowed from a financial institution, primary education or less (% age 15+)","Borrowed from a financial institution, rural (% age 15+)","Borrowed from a financial institution, secondary education or more (% age 15+)","Borrowed from a financial institution, young adults  (% age 15-24)",Made or received digital payments in the past year (% age 15+),"Made or received digital payments in the past year, female  (% age 15+)","Made or received digital payments in the past year, in labor force  (% age 15+)","Made or received digital payments in the past year, income, poorest 40%  (% age 15+)","Made or received digital payments in the past year, income, richest 60% (% age 15+)","Made or received digital payments in the past year, male  (% age 15+)","Made or received digital payments in the past year, older adults  (% age 25+)","Made or received digital payments in the past year, out of labor force  (% age 15+)","Made or received digital payments in the past year, primary education or less (% age 15+)","Made or received digital payments in the past year, rural  (% age 15+)","Made or received digital payments in the past year, secondary education or more (% age 15+)","Made or received digital payments in the past year, young adults  (% age 15-24)",Mobile money account (% age 15+),"Mobile money account, female (% age 15+)","Mobile money account, in labor force (% age 15+)","Mobile money account, income, poorest 40% (% age 15+)","Mobile money account, income, richest 60%  (% age 15+)","Mobile money account, male  (% age 15+)","Mobile money account, older adults (% age 25+)","Mobile money account, out of labor force (% age 15+)","Mobile money account, primary education or less (% age 15+)","Mobile money account, rural  (% age 15+)","Mobile money account, secondary education or less (% age 15+)","Mobile money account, young adults  (% age 15-24)",Saved at a financial institution (% age 15+),"Saved at a financial institution , out of labor force (% age 15+)","Saved at a financial institution, female (% age 15+)","Saved at a financial institution, in labor force (% age 15+)","Saved at a financial institution, income, poorest 40% (% age 15+)","Saved at a financial institution, income, richest 60%  (% age 15+)","Saved at a financial institution, male (% age 15+)","Saved at a financial institution, older adults (% age 25+)","Saved at a financial institution, primary education or less(% age 15+)","Saved at a financial institution, rural  (% age 15+)","Saved at a financial institution, secondary education or more (% age 15+)","Saved at a financial institution, young adults (% age 15-24)"
0,AFG,Afghanistan,3.31389784812927,3.81130361557007,3.21259450912476,5.11810302734375,4.53616046905518,3.32887887954712,4.40308713912964,5.29637622833252,2.41405749320984,3.55630660057068,3.77591323852539,4.47646427154541,1.36689305305481,3.15264320373535,4.15548944473267,3.66991281509399,3.07695364952087,3.4732871055603,4.79516220092773,2.41405749320984,3.33423137664795,3.26521849632263,3.26085758209229,0.875755310058594,10.8268003463745,4.08088445663452,18.6654491424561,10.5733814239502,10.9954624176025,17.4946842193604,12.7260427474976,2.44561982154846,5.76405811309814,11.1464595794678,24.0329818725586,7.70067262649536,0.913816154003143,0.879772305488586,1.71725559234619,0.360678732395172,1.28195416927338,0.947466135025024,1.46899437904358,0.0547685958445072,0.395830154418945,0.85223513841629,2.26498436927795,0.0,3.667888879776,1.40581691265106,1.42822825908661,5.783531665802,2.82244300842285,4.23057126998901,5.88164234161377,3.55168461799622,2.27236247062683,3.58403396606445,7.30812311172485,3.85915851593018
1,ALB,Albania,8.83927822113037,12.5244770050049,10.9592170715332,17.3932838439941,6.55911111831665,16.4950580596924,14.1847896575928,12.7272996902466,7.65212154388428,8.32730197906494,10.3949289321899,17.8266525268555,11.8331747055054,8.45284652709961,11.9334058761597,5.8833212852478,10.8067798614502,9.24917793273926,9.55828762054443,5.74289655685425,6.85057544708252,7.92061614990234,11.3515529632568,6.38860034942627,28.8223705291748,27.7541332244873,40.9570007324219,13.1116580963135,39.2795104980469,29.9554786682129,30.8642864227295,16.6788959503174,19.0347480773926,21.4913024902344,41.1868095397949,21.862678527832,2.37776207923889,2.37690925598145,3.06715965270996,0.494565904140472,3.63122749328613,2.378666639328,1.3204391002655,1.68786180019379,0.803535342216492,1.85317099094391,4.36643934249878,5.98155784606934,8.66098213195801,4.9866828918457,6.08680200576782,12.3326044082642,3.21137952804565,12.2882661819458,11.3914804458618,9.26291751861572,4.47757053375244,6.68024635314941,13.9457702636719,6.60933542251587
2,ARE,United Arab Emirates,18.884765625,46.1270866394043,37.1539039611816,49.9301452636719,33.2664680480957,54.6740226745605,49.5218124389648,48.9998168945313,18.3309726715088,32.7932014465332,35.6052360534668,46.4957046508789,14.2694606781006,15.4661436080933,20.5809783935547,14.1284685134888,22.0457172393799,20.1780967712402,20.1583957672119,6.48734283447266,18.6171703338623,17.0406646728516,19.0544509887695,4.76062774658203,84.0400619506836,67.7305526733398,89.5507659912109,77.8435516357422,88.1581573486328,90.2102661132813,86.8757400512695,43.7630233764648,56.4609985351563,74.2529830932617,85.0177154541016,52.5933380126953,21.3317966461182,18.1945095062256,22.9565696716309,15.585901260376,25.1504154205322,22.5186920166016,22.342981338501,9.45652198791504,9.29307651519775,13.6699676513672,21.8632125854492,10.118091583252,28.6678829193115,13.2358074188232,23.2131614685059,30.779296875,19.8249855041504,34.5447158813477,30.7315082550049,28.9444446563721,4.38316345214844,21.8296794891357,29.5537738800049,25.6008892059326
3,ARG,Argentina,7.31874942779541,24.3693313598633,24.2796325683594,27.7583847045898,15.0522022247314,30.5660400390625,24.467493057251,28.9732151031494,17.2749423980713,15.6592817306519,22.5697898864746,29.8620223999023,8.91037750244141,7.59920930862427,7.35674953460693,4.92151641845703,8.91311931610107,7.01182174682617,8.94658756256104,7.23920106887817,7.42864465713501,7.57837200164795,7.24944686889648,1.85011458396912,40.1779823303223,42.4553489685059,43.2282104492188,31.2372989654541,46.1243209838867,37.6856994628906,43.3699188232422,33.7928581237793,28.9094295501709,38.6407279968262,47.284107208252,29.5079135894775,2.41616749763489,1.57826399803162,3.00223255157471,1.1320526599884,3.27021622657776,3.33314418792725,2.2814416885376,1.18934226036072,0.761613726615906,1.43424272537231,3.45955443382263,2.87497901916504,7.19787311553955,5.93253326416016,4.86083126068115,7.80233764648438,2.66470527648926,10.2128286361694,9.75546360015869,8.33432197570801,4.14307355880737,6.48184204101563,9.12427711486816,3.38432931900024
4,ARM,Armenia,28.461254119873,31.2097434997559,28.2975196838379,38.6824111938477,28.3460292816162,33.118335723877,34.6063690185547,32.1821365356445,23.1845226287842,36.4651260375977,30.0620040893555,30.4826583862305,27.6248970031738,27.0147533416748,35.026237487793,26.7456855773926,29.6046352386475,30.1483573913574,29.772912979126,21.410831451416,35.6084976196289,27.586296081543,27.4724235534668,23.6256542205811,41.5156555175781,33.8988494873047,55.9739875793457,27.3282108306885,50.9712219238281,50.3993911743164,41.4438819885254,25.9882278442383,44.9266128540039,39.9681625366211,41.0437469482422,41.7802619934082,9.75530624389648,6.19509887695313,15.2542142868042,7.55744123458862,11.2201290130615,13.9076995849609,7.60670518875122,3.84979367256165,20.5984420776367,10.6380777359009,8.25514984130859,17.676399230957,10.018105506897,4.67512035369873,6.07600355148315,14.9932165145874,10.5636472702026,9.65451622009277,14.615912437439,8.44075202941895,21.7047939300537,13.1096925735474,8.40124225616455,15.8332185745239
9,BEN,Benin,9.39612483978271,11.3602695465088,9.79768371582031,13.9532279968262,13.5860290527344,9.87948513031006,12.9592475891113,13.097095489502,4.36813545227051,11.7351016998291,12.0272254943848,8.78494548797607,8.36820983886719,8.34264373779297,11.3028745651245,12.1721849441528,7.54922914505005,10.4741411209106,10.8771057128906,4.25440835952759,9.48805713653564,10.2758960723877,7.28591918945313,6.75641202926636,28.4752521514893,18.8860855102539,33.6499099731445,23.9710712432861,31.471851348877,38.2877540588379,30.0620136260986,14.5213441848755,21.495548248291,26.1180438995361,44.1884574890137,25.8573303222656,18.0938377380371,11.7268409729004,21.3134593963623,13.5064916610718,21.1457691192627,24.6091232299805,17.7940654754639,9.41184997558594,11.3976907730103,16.1664543151855,34.2051429748535,19.1188259124756,9.80283069610596,4.30677270889282,7.24757146835327,11.8409862518311,7.67678546905518,11.2172756195068,12.4176034927368,10.4957990646362,7.59787559509277,8.83002471923828,14.4088382720947,8.56245231628418
10,BFA,Burkina Faso,9.09297180175781,9.99784755706787,9.67807292938232,10.850772857666,4.99784851074219,13.3276071548462,10.2976818084717,13.0696849822998,8.29558181762695,8.66294765472412,9.43545532226563,14.6996765136719,4.9840350151062,9.02689266204834,9.62930679321289,4.46460199356079,12.1752433776855,9.15493011474609,11.6954488754272,8.02255535125732,8.25722694396973,8.78504371643066,12.85422706604,4.87673282623291,38.9153137207031,30.0632362365723,44.2179679870605,23.7473583221436,49.0164451599121,47.2153854370117,40.6886100769043,28.3322982788086,33.9151840209961,36.3998947143555,58.9380493164063,36.1890907287598,33.0227966308594,23.6532726287842,37.9967842102051,21.1171455383301,40.9513931274414,41.808048248291,34.1328086853027,23.095739364624,28.4318714141846,30.8476085662842,51.6277008056641,32.6107368469238,12.0733308792114,4.09750080108643,11.7120132446289,16.0696468353271,5.99244356155396,16.1229095458984,12.4121170043945,14.5177764892578,10.044225692749,11.2746419906616,19.0568885803223,6.66541528701782
11,BGD,Bangladesh,9.08137226104736,9.20577144622803,7.90193176269531,11.5017976760864,10.230658531189,8.5237922668457,10.5397682189941,11.0493087768555,7.13801145553589,12.2117013931274,9.47165298461914,7.09023761749268,4.40880966186523,7.90193176269531,11.2392663955688,10.230658531189,8.31661415100098,10.2880907058716,10.8770999908447,7.13801145553589,12.2117013931274,9.44069671630859,6.87828731536865,4.40880966186523,34.1108245849609,21.2080993652344,45.716609954834,26.3100299835205,39.3016204833984,47.3119773864746,34.4838104248047,23.6588706970215,24.0970783233643,34.7186431884766,41.1583709716797,33.1403007507324,21.2459602355957,10.2737874984741,30.7645072937012,14.5716924667358,25.6871433258057,32.4719047546387,19.1689529418945,12.6737298965454,14.4111156463623,22.0071697235107,26.0562305450439,26.6504135131836,9.92326641082764,7.60558223724365,9.59742546081543,12.4968090057373,5.03080558776855,13.1788034439087,10.2566442489624,11.5179471969604,5.27826309204102,8.85047245025635,13.1923589706421,5.77383995056152
16,BOL,Bolivia,16.3317108154297,19.9762954711914,20.633373260498,23.3936767578125,14.6535129547119,23.5242805480957,19.2869567871094,23.1666564941406,7.14165925979614,15.2921228408813,21.4513263702393,22.5672798156738,12.3530168533325,18.3129940032959,19.4432373046875,12.6912221908569,18.7583332061768,14.2531480789185,18.8676509857178,4.64576244354248,12.9487915039063,19.217456817627,18.2029209136963,10.2721481323242,40.0242309570313,36.2873573303223,44.1523742675781,29.594367980957,46.9764213562012,43.9445838928223,44.4649848937988,24.5201969146729,28.1766300201416,39.4664306640625,46.577564239502,29.4131755828857,7.11938953399658,4.91145658493042,6.97446823120117,6.80808210372925,7.32689666748047,9.43572807312012,5.51346063613892,7.66367149353027,2.45050048828125,7.26793241500854,9.70191860198975,10.956714630127,16.3630390167236,9.75499629974365,18.052375793457,18.1225128173828,9.82768726348877,20.7192802429199,14.5907592773438,18.116247177124,11.0035591125488,16.6126136779785,19.3275585174561,12.1737976074219
17,BRA,Brazil,8.63284778594971,26.2928695678711,22.7925872802734,31.0326194763184,15.8795862197876,33.2235412597656,30.1727523803711,28.7407779693604,16.0973644256592,15.0466918945313,24.4881916046143,32.5064506530762,18.3298797607422,7.49387311935425,10.1563243865967,7.35479164123535,9.48347091674805,9.89534187316895,9.34086799621582,5.3557505607605,4.98098182678223,8.53986358642578,10.6523561477661,6.32967376708984,57.8598136901855,57.2712135314941,63.8382682800293,43.2398681640625,67.5902709960938,58.5122451782227,63.3856163024902,44.9997711181641,44.9456329345703,57.5712814331055,64.9980697631836,39.8845062255859,4.8365306854248,4.40266084671021,6.88526344299316,2.25925183296204,6.55186557769775,5.3174524307251,4.68415546417236,0.429574638605118,0.838551461696625,3.97252631187439,6.95848178863525,5.33220338821411,14.4979152679443,7.68511581420898,10.4908237457275,17.6650905609131,5.610276222229,20.4131774902344,18.939567565918,15.194317817688,9.18411636352539,15.7095460891724,17.4738159179688,12.2325353622437
18,BWA,Botswana,5.22307062149048,8.86186790466309,6.88433790206909,12.805082321167,3.3261992931366,12.5343351364136,11.2745475769043,10.203010559082,4.09073829650879,4.42839765548706,8.05052185058594,12.0064506530762,5.93214988708496,4.0984091758728,7.86426591873169,1.91543030738831,7.41742181777954,6.59521055221558,6.76470899581909,2.02733039855957,3.6279444694519,4.84244728088379,6.07556581497192,1.71541905403137,41.8076629638672,38.7188987731934,52.4509086608887,26.8416728973389,51.7363777160645,45.576099395752,43.9310111999512,28.9297676086426,29.5971069335938,38.9928894042969,50.9978294372559,37.2648544311523,24.3783073425293,20.50608253479,33.8675079345703,12.4832134246826,32.2697372436523,29.1026000976563,23.0537376403809,12.8967571258545,9.35189342498779,22.1526927947998,35.9300384521484,27.5183944702148,17.9569797515869,9.05787754058838,15.4959592819214,25.3118553161621,7.51988220214844,24.8811492919922,20.9595413208008,18.6799240112305,12.222053527832,14.7591066360474,22.8649654388428,16.4901313781738
22,CHL,Chile,13.4214420318604,30.919412612915,30.2993679046631,39.083797454834,24.3928966522217,35.2504119873047,31.6058216094971,35.2956352233887,17.3304576873779,18.9292297363281,27.6914157867432,34.8178291320801,11.3988800048828,10.00146484375,18.6443309783936,12.0044689178467,14.3617467880249,17.2074699401855,15.5362529754639,4.72836923599243,9.84092330932617,10.0690174102783,14.588755607605,3.98813557624817,65.376594543457,61.3526649475098,76.6024475097656,56.2902755737305,71.4062805175781,69.8312149047852,64.8509979248047,46.6920776367188,40.2257843017578,59.776180267334,73.5543746948242,67.7210693359375,18.6708145141602,16.1212539672852,25.0219116210938,11.2949390411377,23.5654525756836,21.4932613372803,17.5962562561035,8.09993553161621,3.59017300605774,15.5022306442261,23.5587768554688,23.4639759063721,21.1293525695801,12.2631015777588,17.7751369476318,26.4562873840332,13.8397350311279,25.9667453765869,24.8425788879395,22.5360565185547,7.14326667785645,17.0148906707764,25.6654224395752,14.854621887207
24,CIV,Cote d'Ivoire,2.22277569770813,2.70849514007568,1.43897128105164,3.52333331108093,0.920255601406097,3.8923225402832,3.86796975135803,3.32574582099915,1.2880722284317,1.71974408626556,2.07333207130432,5.63823175430298,1.53667223453522,1.03895688056946,2.84259867668152,0.816124856472015,3.1539888381958,3.30397439002991,2.5923388004303,1.14230275154114,1.44686317443848,1.76610887050629,4.52242469787598,1.53667223453522,38.3177680969238,33.1823883056641,44.8398132324219,29.9295654296875,43.8708152770996,43.0079803466797,41.2856025695801,26.9485645294189,31.8329544067383,34.2653198242188,57.6525573730469,32.9668045043945,34.0531730651855,29.8547306060791,40.319995880127,27.0915603637695,38.6618118286133,37.8876762390137,35.8746452331543,23.1288719177246,27.8521595001221,31.2981662750244,52.5267181396484,30.8982791900635,6.43899297714233,5.34894418716431,4.63493394851685,7.06430912017822,3.44863986968994,8.41862869262695,8.08666610717773,7.33417367935181,4.40114307403564,5.83273553848267,12.4822759628296,4.80425834655762
25,CMR,Cameroon,6.51628160476685,7.70408344268799,6.54047060012817,8.95552444458008,7.00997543334961,8.16565418243408,8.89148807525635,9.79205703735352,4.57148742675781,7.16421747207642,7.75861740112305,8.4483060836792,3.38007593154907,5.72133588790894,8.03043842315674,4.87536859512329,7.60746383666992,7.32748126983643,8.13056564331055,2.7260582447052,6.00037860870361,6.64190673828125,7.18493175506592,3.04777717590332,28.5826530456543,22.7710113525391,32.3491325378418,17.6395435333252,35.8596534729004,34.5131187438965,31.8657817840576,19.154426574707,19.6566753387451,23.72483253479,42.1255722045898,22.4516849517822,15.1378307342529,13.3035097122192,17.5446662902832,7.17071294784546,20.4358406066895,17.0096569061279,14.4729766845703,9.11305809020996,8.8781566619873,11.3433027267456,24.6778392791748,16.0979785919189,10.9206838607788,4.25441026687622,8.09453582763672,13.5837926864624,6.0337553024292,14.1704158782959,13.8046159744263,12.8758106231689,7.12778043746948,8.39907836914063,16.2523784637451,7.09040975570679
26,COD,"Congo, Dem. Rep.",2.99425029754639,3.93936109542847,2.85884404182434,4.81039714813232,1.08444035053253,5.83312273025513,4.99067401885986,3.51690316200256,2.29630470275879,1.58177471160889,1.69691550731659,5.05616569519043,4.77835273742676,2.08462119102478,3.63152813911438,0.819757580757141,4.43666219711304,3.87929391860962,2.81871938705444,1.79213738441467,1.58177471160889,1.24188244342804,3.69003629684448,3.39539122581482,21.7163276672363,18.9906902313232,26.3141117095947,15.6084213256836,25.7679023742676,24.3682975769043,22.9924278259277,13.0434141159058,13.3616189956665,17.176794052124,25.7588481903076,20.3984432220459,16.0963401794434,13.520658493042,19.1540832519531,11.6608762741089,19.0385284423828,18.6024074554443,16.8299865722656,10.3284454345703,8.29243469238281,13.7192678451538,19.680154800415,15.4424457550049,4.70535182952881,2.55270457267761,4.42255878448486,5.8465371131897,1.81878185272217,6.62010669708252,4.9805006980896,5.66149806976318,1.9148041009903,2.95552659034729,6.02904319763184,3.33368229866028
27,COG,"Congo, Rep.",3.68170619010925,5.19966745376587,5.43804025650024,5.74609661102295,5.48437738418579,5.01091337203979,4.96020936965942,5.4208459854126,4.3945746421814,2.25352191925049,2.81118631362915,7.84274625778198,4.50325965881348,3.82901239395142,4.03418493270874,3.39384865760803,3.87254738807678,3.53372955322266,3.90597796440125,3.16237425804138,1.84916424751282,1.50998210906982,5.35788249969482,3.20044708251953,17.8145370483398,13.5216264724731,21.8328914642334,13.1097631454468,20.9336585998535,22.1269855499268,18.7549610137939,11.8940086364746,12.0732154846191,12.6330003738403,22.8936862945557,16.2151107788086,6.23843908309937,3.44958758354187,8.76753711700439,5.99925184249878,6.39701318740845,9.03998565673828,6.13646984100342,2.51214003562927,6.39308834075928,7.84311008453369,6.56749677658081,6.78083372116089,7.37837553024292,4.04168939590454,6.50493192672729,9.64303684234619,4.68894672393799,9.16138553619385,8.25579452514648,7.23698663711548,3.86518430709839,4.20713758468628,9.992506980896,8.06800556182861
28,COL,Colombia,14.4709720611572,21.2488079071045,17.1871795654297,25.8541622161865,10.4477119445801,28.4207725524902,25.8086738586426,23.8981246948242,8.86250591278076,11.297194480896,18.2088241577148,27.058687210083,12.5291509628296,12.8910226821899,17.8335590362549,9.03324604034424,18.0816421508789,16.2447319030762,16.0528945922852,5.42714643478394,9.17659950256348,14.7950191497803,17.5618953704834,8.99609470367432,37.3274307250977,33.2262649536133,42.7826385498047,27.3122882843018,43.9775199890137,41.9316864013672,40.7975959777832,22.6554012298584,24.3669204711914,31.7631206512451,44.8939437866211,26.9845809936523,4.73745107650757,3.80697584152222,5.84372043609619,4.40602207183838,4.95752143859863,5.78206777572632,5.29068517684937,1.762091755867,2.45969843864441,3.67236256599426,6.06723260879517,3.07217717170715,8.7497034072876,3.94424533843994,6.58462858200073,10.5364227294922,2.71501755714417,12.7567558288574,11.1803684234619,9.40686702728271,5.90069007873535,6.32952308654785,10.4129943847656,6.81368255615234
34,DOM,Dominican Republic,22.7169818878174,30.2926959991455,27.3402481079102,36.5030899047852,15.4128179550171,40.1509284973145,33.2737731933594,37.3125801086426,12.7337408065796,20.0085868835449,28.0799350738525,42.0436515808105,12.2265138626099,19.9801025390625,27.9771423339844,11.8330631256104,29.9278087615967,25.4803981781006,28.1351470947266,7.8446798324585,16.2450561523438,21.8691577911377,31.0963802337646,8.77078723907471,44.3890075683594,41.2554779052734,50.4963531494141,30.4723510742188,53.6090850830078,47.5529251098633,48.9006881713867,27.1214256286621,33.8180389404297,40.2282829284668,56.958366394043,32.8586273193359,3.8946795463562,1.91387069225311,5.02208042144775,3.20452737808228,4.35192012786865,5.89469480514526,3.75444626808167,0.707123875617981,3.79653191566467,4.78332614898682,3.69667029380798,4.27016258239746,19.4809532165527,12.6454429626465,17.6782321929932,21.8985939025879,11.9223003387451,24.4887199401855,21.301155090332,21.9210395812988,12.2411241531372,16.7986583709717,28.4291915893555,13.1106424331665
36,ECU,Ecuador,11.8189964294434,16.6626110076904,10.9399862289429,19.7976360321045,12.5413551330566,19.4068050384521,22.6173095703125,18.4444179534912,8.84804534912109,10.782078742981,14.1053438186646,18.7492847442627,11.8906755447388,8.21927070617676,14.6163921356201,9.17810535430908,13.5774688720703,15.5647039413452,13.0325002670288,4.84602642059326,8.03409481048584,11.0262851715088,13.1620464324951,8.56973075866699,31.5561199188232,23.8596382141113,37.8504676818848,17.2135105133057,41.1063385009766,39.5647239685059,35.6584129333496,15.8664302825928,17.2454738616943,27.898136138916,36.6341743469238,20.4161376953125,2.93697476387024,2.43627762794495,3.26609945297241,0.222176939249039,4.74465942382813,3.45797681808472,2.93091893196106,2.1165771484375,0.96258670091629,2.10033512115479,3.63757538795471,2.95749402046204,12.2254858016968,4.79977798461914,7.86269235610962,15.2045097351074,4.22849702835083,17.5503883361816,16.7652053833008,13.1068658828735,5.33803081512451,9.89510154724121,14.6694602966309,9.87074184417725
37,EGY,"Egypt, Arab Rep.",6.2978892326355,8.76006507873535,6.39312267303467,13.8199672698975,6.82822227478027,10.0448293685913,11.1593723297119,11.2513122558594,4.81014680862427,7.47445964813232,8.85475444793701,9.48089599609375,1.97171294689178,4.56546926498413,9.19472694396973,6.07460355758667,6.44638538360596,8.05399894714355,8.22984409332275,4.03652763366699,6.50824689865112,7.00623559951782,6.1799430847168,1.0335431098938,22.8320484161377,16.7811374664307,28.2796592712402,13.4570255279541,29.0668754577637,28.9657001495361,28.2186813354492,18.5794734954834,21.8665637969971,20.2564926147461,23.3733901977539,8.15412044525146,1.79201626777649,0.541244089603424,2.14786005020142,0.237000286579132,2.82617402076721,3.05989170074463,1.37112784385681,1.51423358917236,1.05750489234924,0.748788833618164,2.20385241508484,2.93888688087463,6.23019313812256,3.95413684844971,3.77347540855408,9.14585399627686,3.24208784103394,8.21742153167725,8.72050476074219,6.70660305023193,4.56174564361572,5.44428253173828,7.1656813621521,4.9320330619812
40,ETH,Ethiopia,10.5813655853271,10.6594953536987,8.52544403076172,11.9164733886719,10.8611698150635,10.5251941680908,12.9286546707153,13.5856370925903,6.62600231170654,11.3890495300293,11.2166471481323,6.46479558944702,5.14193725585938,8.52544403076172,11.8139963150024,10.8611698150635,10.3950366973877,12.7674493789673,13.4660739898682,6.62600231170654,11.2973327636719,11.1300992965698,6.46479558944702,5.14193725585938,11.8924875259399,8.15694808959961,13.9739513397217,5.01723337173462,16.4709186553955,15.8645238876343,13.1772174835205,5.21331930160522,6.76763153076172,10.3826789855957,41.3587226867676,9.46999073028564,0.315928906202316,0.0576010048389435,0.414383471012115,0.0,0.526315093040466,0.590611577033997,0.425863951444626,0.0,0.0,0.315903931856155,2.13241600990295,0.108634449541569,26.2888278961182,14.4366216659546,20.426155090332,29.9823913574219,16.6138038635254,32.7317047119141,32.5226669311523,28.7975196838379,22.0210304260254,25.1331176757813,50.8272514343262,21.5584201812744
43,GAB,Gabon,5.11731433868408,7.53443145751953,5.57276916503906,9.02209663391113,4.70159482955933,9.42268943786621,9.61723899841309,9.30734634399414,4.63088703155518,3.90356111526489,4.79146432876587,11.231502532959,3.62308955192566,4.01268434524536,5.8004412651062,3.67916965484619,6.07592535018921,6.29016256332397,6.68452978134155,3.78402400016785,2.85076189041138,4.12511587142944,7.51822948455811,1.56973767280579,53.998851776123,49.0927696228027,60.5715255737305,45.3420639038086,59.7691307067871,59.2079162597656,54.6452713012695,41.1706581115723,40.7093391418457,45.1280937194824,67.5900344848633,52.1569175720215,43.5779876708984,41.053035736084,49.3785591125488,36.7522010803223,48.1277923583984,46.2588729858398,41.6188049316406,32.2567558288574,31.213134765625,36.4997024536133,56.2393264770508,48.7703323364258,13.4619550704956,8.31748104095459,13.147777557373,16.0977878570557,7.84683895111084,17.2047710418701,13.7955341339111,15.692400932312,7.40146636962891,10.5031843185425,20.4839668273926,7.86030864715576
45,GEO,Georgia,23.6532039642334,27.443603515625,23.4048881530762,41.3504219055176,23.2635726928711,30.2173843383789,32.0873947143555,30.8757934570313,17.1105346679688,10.1827659606934,23.8491535186768,29.7880229949951,8.91030025482178,20.0942916870117,35.0882415771484,20.6060943603516,25.6752052307129,27.7453098297119,26.5764770507813,15.1567220687866,10.1827659606934,20.0743389129639,25.485034942627,7.86797904968262,52.9539413452148,54.8759002685547,61.9716567993164,38.143985748291,62.7815322875977,50.7440338134766,57.9682426452637,46.2535820007324,27.71315574646,45.4391555786133,56.2950325012207,25.877498626709,2.20102167129517,0.846682369709015,3.90607523918152,0.800938904285431,3.13008904457092,3.75826811790466,2.14347410202026,0.93412983417511,0.0,2.20393037796021,2.49867248535156,2.51176953315735,4.59704685211182,3.08666706085205,2.42554569244385,6.62980175018311,1.80094873905182,6.45248317718506,7.0938835144043,4.74852991104126,0.0,4.2476954460144,5.21871995925903,3.77906346321106
46,GHA,Ghana,10.2366466522217,11.5967969894409,10.2367925643921,14.1277360916138,9.18996810913086,13.1956605911255,12.984058380127,12.8180246353149,6.90751838684082,10.9513931274414,10.1985721588135,12.2880344390869,8.87391090393066,9.94794845581055,12.2992029190063,7.95299911499023,11.753680229187,10.5311298370361,11.2456512451172,6.41517639160156,9.9556713104248,8.40746688842773,10.5086736679077,7.86324501037598,49.466724395752,43.9849510192871,52.8573989868164,41.1227264404297,55.0096702575684,55.0583610534668,51.4566497802734,43.1845436096191,41.4745559692383,44.1343688964844,58.5499420166016,44.6647567749023,38.9477806091309,33.7851028442383,42.2071723937988,32.0251159667969,43.5465278625488,44.2139282226563,40.2411880493164,32.9088401794434,33.1717643737793,35.4063034057617,46.2084541320801,36.6680068969727,16.190746307373,9.1554069519043,13.9197826385498,19.9879207611084,13.5536136627197,17.9426002502441,18.5072212219238,15.102783203125,12.1807413101196,14.4798545837402,19.517017364502,15.957501411438
47,GIN,Guinea,4.414879322052,5.83781433105469,5.49533462524414,6.49278163909912,4.27428579330444,6.87833213806152,6.17698335647583,6.79603576660156,4.23471546173096,4.26628255844116,4.49343156814575,10.6971197128296,4.11452388763428,4.25809860229492,4.63798427581787,3.52771949768066,5.00527763366699,4.57014465332031,4.9807505607605,3.868807554245,2.92446279525757,3.67903113365173,8.69316005706787,3.41759634017944,20.2478713989258,16.5454654693604,23.2335357666016,16.2039184570313,22.9390926361084,23.9144802093506,19.4772529602051,12.940146446228,14.5314903259277,14.8882179260254,42.4397888183594,21.7542896270752,13.7804689407349,9.89464855194092,16.0123195648193,12.1592931747437,14.8593502044678,17.6287174224854,11.9260721206665,8.31778240203857,9.96390914916992,10.4531927108765,28.699291229248,17.2388381958008,6.45726013183594,4.25210571289063,5.47194671630859,7.35820531845093,5.47723579406738,7.10946035385132,7.4330472946167,6.63891077041626,4.60430812835693,4.36445760726929,12.4671249389648,6.24337482452393
49,GTM,Guatemala,9.55793571472168,12.6573352813721,11.5388174057007,15.9208850860596,7.10337734222412,16.3229541778564,13.902738571167,16.2055244445801,5.36882257461548,8.2156925201416,13.1813735961914,17.2169647216797,5.85874223709106,8.62150573730469,12.3461618423462,6.6592230796814,11.4710893630981,10.6005945205688,11.6815366744995,3.33096504211426,6.46539831161499,10.5218076705933,12.7326221466064,5.48895597457886,33.2706604003906,31.6757431030273,37.9588394165039,23.800895690918,39.5207176208496,35.0465049743652,34.1394348144531,22.8005123138428,24.6836833953857,31.2577667236328,42.0857391357422,31.606029510498,2.12640595436096,1.9288192987442,2.41836619377136,0.87646609544754,2.95136785507202,2.34640693664551,1.85445022583008,1.47436833381653,0.927473962306976,1.71627867221832,3.35718584060669,2.64749336242676,12.114972114563,5.05884075164795,9.614670753479,15.274468421936,7.23913621902466,15.3330297470093,14.8989086151123,11.7949228286743,4.83895444869995,10.125524520874,19.5842666625977,12.7282094955444
51,HND,Honduras,12.3644990921021,14.1652984619141,11.0720195770264,17.4826107025146,7.46670532226563,18.6217174530029,17.6146278381348,16.6824531555176,7.64141321182251,10.5293140411377,10.5013008117676,18.8271217346191,9.27132987976074,10.5351839065552,15.1382656097412,6.25780200958252,16.4271430969238,14.4043769836426,14.4827575683594,6.90955829620361,8.83575248718262,9.84956836700439,16.8888282775879,8.24653244018555,37.2003746032715,31.8314666748047,44.465030670166,24.8611793518066,45.4093551635742,43.1872711181641,42.149169921875,22.9135684967041,28.2612915039063,30.4582481384277,48.6614837646484,27.5881671905518,6.19601249694824,3.17793750762939,8.60060787200928,5.55618238449097,6.62167644500732,9.56148052215576,6.50481796264648,1.46709108352661,5.34947156906128,6.46411085128784,7.28139114379883,5.60013151168823,14.6097764968872,11.471043586731,12.1756439208984,16.2057800292969,9.07699680328369,18.2906055450439,17.3240871429443,14.9865074157715,9.58755207061768,11.3167610168457,21.0489444732666,13.8899593353271
53,HTI,Haiti,11.491943359375,12.8596496582031,13.4369268417358,17.8527488708496,4.04654979705811,18.7309684753418,12.2469692230225,15.8208847045898,7.18133974075317,5.40507173538208,12.7185029983521,17.4259071350098,7.45512247085571,12.2248859405518,15.7350387573242,3.6133918762207,16.7406597137451,10.7140483856201,13.8555574417114,6.66655921936035,5.40507173538208,11.1740999221802,15.2204189300537,7.17812871932983,27.5212497711182,25.3669166564941,35.9084014892578,15.0387401580811,35.8371429443359,29.807710647583,29.1202964782715,17.9831161499023,14.6593647003174,25.3671131134033,35.3997192382813,24.6028461456299,13.5171890258789,11.3006067276001,20.3669452667236,6.50807094573975,18.1866874694824,15.8697156906128,14.3357334136963,5.72742986679077,6.39736938476563,10.5911664962769,17.8783912658691,12.0232696533203,12.1560316085815,9.00000381469727,13.1478490829468,14.9312152862549,7.79054927825928,15.0643320083618,11.103385925293,15.4412822723389,9.53516578674316,9.77587127685547,13.7614269256592,6.1601448059082
55,IDN,Indonesia,17.1755485534668,18.4441757202148,17.5314102172852,22.6327171325684,13.3281202316284,21.850076675415,19.39870262146,21.5420322418213,11.1995601654053,13.3194971084595,19.9131259918213,23.1007804870605,8.31866645812988,16.7939281463623,20.9844398498535,12.4017124176025,20.3536224365234,17.5746269226074,20.2901592254639,10.5875854492188,12.8250617980957,18.9345169067383,21.1286716461182,6.9952712059021,34.6082611083984,35.4893608093262,38.5064277648926,21.4588317871094,43.3622055053711,33.6868515014648,34.1888046264648,27.8658905029297,20.0681381225586,33.4320411682129,47.8203277587891,35.9792785644531,3.12391567230225,2.73414039611816,3.33204865455627,1.67656481266022,4.08745765686035,3.53152465820313,2.5949866771698,2.76392316818237,0.422198981046677,3.04870390892029,5.57886457443237,4.85274839401245,21.5343914031982,18.665714263916,22.3002548217773,23.1929454803467,13.1334323883057,27.1271476745605,20.7334899902344,22.0604076385498,10.2274122238159,19.8793792724609,31.8086242675781,19.8150825500488
56,IND,India,6.61681079864502,8.14600467681885,6.20717239379883,9.25490951538086,6.30075025558472,9.37518882751465,10.0237007141113,9.35812854766846,6.81468152999878,6.84899711608887,7.89460468292236,9.54908466339111,4.94468975067139,4.95554304122925,7.45854139328003,5.60158395767212,7.29308700561523,8.22569465637207,7.32354354858398,5.60625123977661,5.92546463012695,6.84705591201782,7.3328709602356,4.75027465820313,28.6926383972168,22.4423885345459,34.1648445129395,19.7864952087402,34.6253128051758,34.7458038330078,31.5901222229004,22.1228485107422,21.2956600189209,26.1103210449219,37.0501861572266,21.0401573181152,1.99454319477081,0.855981111526489,2.35398721694946,0.747143030166626,2.82547760009766,3.09720373153687,2.2578911781311,1.56300389766693,0.589856207370758,1.29758322238922,3.57748126983643,1.29902029037476,19.6039581298828,15.428918838501,16.6919498443604,23.0814952850342,11.7911815643311,24.8083076477051,22.424144744873,22.1703319549561,15.0707082748413,17.9540061950684,24.6140232086182,12.8259677886963
58,IRN,"Iran, Islamic Rep.",23.8537883758545,27.8091907501221,28.0592002868652,32.4312934875488,23.2975730895996,30.7997875213623,27.5487213134766,31.4253768920898,23.6824893951416,17.523286819458,26.8274002075195,30.4271125793457,17.6845455169678,24.4133262634277,26.5345134735107,21.3225269317627,25.5316734313965,23.2708358764648,26.862606048584,21.4603843688965,16.194429397583,23.5881271362305,25.9884185791016,15.4296607971191,89.7684783935547,84.5227737426758,94.7255477905273,87.7204666137695,91.1260299682617,95.2336578369141,91.089973449707,85.3426971435547,84.1399917602539,90.8461380004883,91.1812744140625,86.0685348510742,26.29660987854,22.0247364044189,33.2067565917969,20.3650074005127,30.2284660339355,30.7472171783447,23.6371555328369,20.1270961761475,8.35387325286865,22.703031539917,30.5360851287842,33.7425804138184,26.2195701599121,22.4438781738281,23.131067276001,30.448522567749,16.2548065185547,32.8248748779297,29.4372978210449,24.9222545623779,7.29947471618652,23.7011127471924,30.4726428985596,29.8518085479736
59,IRQ,Iraq,2.78417253494263,3.0542004108429,2.83377599716187,3.78528618812561,1.52293121814728,4.07452154159546,3.27435207366943,3.19537138938904,1.69010400772095,1.06359243392944,2.67114424705505,6.79238224029541,2.76937246322632,2.43561816215515,3.42738032341003,1.38227319717407,3.71829152107239,3.13229560852051,2.81363749504089,1.58404409885406,1.06359243392944,2.67114424705505,6.0188250541687,2.76937246322632,19.0585155487061,15.4479637145996,19.1949615478516,14.8158121109009,21.8855285644531,22.6645984649658,21.407958984375,18.8039264678955,16.4423217773438,18.4612445831299,22.5242385864258,13.6574821472168,4.21475553512573,1.42614436149597,5.89041948318481,2.96435236930847,5.04792881011963,6.99991607666016,4.53511238098145,1.08821821212769,3.61418843269348,3.12094759941101,4.47371816635132,3.51191282272339,1.62484776973724,1.07383990287781,0.641535818576813,1.92015993595123,1.53796899318695,1.68273723125458,2.60694289207459,1.87585890293121,1.70153439044952,0.968169510364532,1.52381467819214,1.03925406932831
62,JOR,Jordan,16.6439533233643,17.8032760620117,14.395040512085,26.721715927124,15.595251083374,19.2715015411377,20.762638092041,24.0479545593262,10.8816328048706,15.6419677734375,20.6862010955811,18.6416416168213,5.56249380111694,14.1647415161133,24.7002029418945,15.595251083374,17.3412895202637,18.7966499328613,22.845760345459,10.3914613723755,14.472861289978,19.9974842071533,17.4825839996338,4.48721218109131,32.5323028564453,20.2446994781494,44.2258758544922,23.5153160095215,38.5281600952148,43.2016105651855,39.3054046630859,23.4568691253662,28.4050617218018,36.2869720458984,34.1290817260742,19.2557201385498,1.06096839904785,0.145205438137054,1.48916900157928,0.0,1.76646018028259,1.85612368583679,0.982690572738647,0.728640019893646,0.0,0.821810662746429,1.45063900947571,1.21440815925598,10.1086893081665,5.85932731628418,6.83999347686768,15.5839328765869,4.14112424850464,14.0768260955811,12.9468898773193,12.322057723999,3.71619319915771,9.92631435394287,12.4671010971069,5.77005624771118
65,KEN,Kenya,16.7834911346436,19.2382392883301,13.8309774398804,21.721263885498,13.2166414260864,23.2323417663574,25.2785053253174,21.422664642334,8.52143287658691,9.09023475646973,19.1905689239502,26.3952083587646,14.4780349731445,12.286262512207,19.3319835662842,11.7499361038208,20.1222248077393,21.8071899414063,18.7897644042969,5.78412437438965,8.92975521087646,17.1683330535889,22.3224067687988,12.4115037918091,78.9627990722656,74.6848983764648,84.5685958862305,66.3073120117188,87.3571395874023,83.7415008544922,80.6369323730469,54.7680511474609,63.7468414306641,78.6837387084961,89.6940002441406,75.3146209716797,72.9316864013672,69.3801422119141,77.8357086181641,59.3646659851074,81.9306259155273,76.8989868164063,74.2975006103516,51.7657585144043,57.3869934082031,72.5854949951172,83.8947143554688,69.9553527832031,26.7844104766846,8.94663047790527,18.5047149658203,30.9173278808594,14.4144821166992,34.9893379211426,36.0333786010742,29.5622825622559,11.1129207611084,26.279899597168,37.8368721008301,20.7309970855713
66,KGZ,Kyrgyz Republic,9.40434741973877,10.2155132293701,10.1977691650391,11.1732597351074,7.33345079421997,12.1236896514893,10.2355289459229,13.1024627685547,9.13999080657959,4.0631422996521,10.6951961517334,11.6418790817261,3.57551503181458,9.11955261230469,10.4044055938721,7.04897356033325,10.963809967041,9.72557258605957,12.1198720932007,8.28131008148193,4.0631422996521,9.89687633514404,10.6426525115967,3.15862607955933,36.0611305236816,35.0366363525391,42.408016204834,29.8955917358398,40.143253326416,37.2166748046875,40.2281494140625,28.9337577819824,22.2258815765381,34.9594573974609,39.2686920166016,26.4769668579102,3.10687637329102,2.59771013259888,3.98694491386414,0.364530891180038,4.92254734039307,3.6811728477478,3.06178283691406,2.1185839176178,3.36519408226013,2.7315526008606,3.04698801040649,3.21059107780457,2.9877073764801,2.37918591499329,3.85678458213806,3.52959227561951,1.44998645782471,4.00581216812134,2.00746130943298,3.56519079208374,1.9308488368988,2.11760950088501,3.23272943496704,1.65949273109436
67,KHM,Cambodia,26.6510181427002,26.7343006134033,29.965576171875,28.561279296875,22.783935546875,29.3583545684814,22.8744659423828,31.6624641418457,22.3633689880371,27.1572265625,27.5170860290527,22.5521068572998,16.0237007141113,29.8125743865967,28.443187713623,22.6219482421875,29.3273544311523,22.8744659423828,31.5408611297607,22.3633689880371,27.1572265625,27.441614151001,22.3202934265137,16.0237007141113,15.5683908462524,15.1370372772217,18.1054992675781,10.7554798126221,18.7653923034668,16.0836524963379,16.7171096801758,9.4985179901123,13.3567762374878,13.8018980026245,39.4622650146484,13.0718259811401,5.65950870513916,5.34182691574097,5.94742059707642,4.73574829101563,6.27312135696411,6.03898763656616,5.48424911499023,4.97069787979126,5.04847478866577,4.68079280853271,9.72256469726563,6.04040861129761,5.33961772918701,3.08959054946899,4.84526920318604,6.28009271621704,2.37171363830566,7.31106376647949,5.9301290512085,6.03895235061646,5.04628562927246,4.63027620315552,10.1129703521729,3.81972193717957
72,LBR,Liberia,7.54611873626709,8.08966541290283,7.23728561401367,9.0686206817627,6.90728425979614,8.87683296203613,8.98603248596191,9.17244815826416,3.93999600410461,7.92898368835449,7.22948026657104,8.51883411407471,6.13034629821777,6.85475969314575,8.3968448638916,6.50864315032959,8.23681640625,8.27315616607666,8.60615921020508,3.93999600410461,7.4150333404541,6.63144493103027,7.90396690368652,5.62795305252075,27.6317768096924,21.8032207489014,28.6815967559814,20.8685722351074,32.1343765258789,33.7611274719238,26.6522979736328,23.1817264556885,18.7633686065674,25.8060607910156,47.4657707214355,29.4041690826416,20.8433933258057,18.340087890625,21.3942623138428,16.6720867156982,23.620433807373,23.4758834838867,19.4681243896484,18.5083160400391,15.2534646987915,20.4749431610107,33.2131462097168,23.3319664001465,10.8791160583496,3.03427362442017,8.49229717254639,12.7298059463501,6.50376892089844,13.7919988632202,13.3891105651855,12.4939661026001,7.98191070556641,9.2353515625,17.5151386260986,7.95701217651367
74,LKA,Sri Lanka,14.8440952301025,17.3748188018799,17.0388069152832,26.8732013702393,14.7661504745483,19.1064529418945,17.7728748321533,20.0231285095215,9.42327308654785,12.5996112823486,17.8165473937988,22.4964160919189,7.0652379989624,15.6571550369263,23.0300312042236,13.8006019592285,15.5367670059204,13.8809013366699,17.3963584899902,7.99126243591309,11.7948818206787,15.5629587173462,18.1325397491455,4.88597249984741,47.1597023010254,44.2021980285645,58.3280029296875,43.1291198730469,49.835205078125,50.663330078125,47.3671188354492,37.8101921081543,36.8767471313477,44.8208847045898,57.7542724609375,45.7121162414551,2.42076015472412,0.956934034824371,3.52561664581299,1.59672999382019,2.9677517414093,4.15488910675049,1.10555577278137,1.4958324432373,1.05561852455139,1.94865572452545,3.87267541885376,7.67120361328125,28.7880420684814,21.1711597442627,27.9968032836914,37.886661529541,17.9359741210938,35.9916496276855,29.7253913879395,27.6716079711914,19.1173324584961,28.6648273468018,39.129467010498,33.5606994628906
75,LSO,Lesotho,4.88713216781616,5.57385587692261,4.88582897186279,9.44693470001221,4.06364679336548,6.57902574539185,6.31054496765137,6.35380172729492,3.27878046035767,3.54826188087463,5.64721155166626,9.83396530151367,3.61165452003479,4.37454652786255,8.59695053100586,3.06581234931946,6.09937191009521,5.4359712600708,5.48972988128662,2.68879985809326,3.07919764518738,4.95144987106323,8.68939018249512,3.37110567092896,37.8146591186523,40.3513145446777,53.1407432556152,23.9752883911133,47.0259094238281,35.0985946655273,39.575813293457,28.7328605651855,27.8504009246826,37.194507598877,58.6860847473145,33.3839149475098,27.6418418884277,30.7903232574463,40.5115203857422,15.6391229629517,35.6306495666504,24.2706813812256,28.6773910522461,20.0156383514404,18.3629245758057,26.963005065918,47.0640602111816,25.0365886688232,8.80113220214844,5.34593868255615,8.17344379425049,14.6319808959961,3.8215503692627,12.11545753479,9.47321701049805,10.1512289047241,5.47982883453369,8.61345672607422,15.785982131958,5.40453386306763
79,MAR,Morocco,2.58415269851685,2.640061378479,1.58447825908661,4.29161357879639,1.94113063812256,3.10543060302734,3.78366112709045,3.441157579422,1.48954570293427,1.94686591625214,1.75816714763641,4.33794832229614,0.106190532445908,1.58447825908661,4.15544939041138,1.94113063812256,3.01229667663574,3.66718244552612,3.40114617347717,1.48954570293427,1.91141140460968,1.75816714763641,4.22880792617798,0.0,16.7148761749268,8.31656455993652,26.3636474609375,8.80843734741211,21.97922706604,25.8134613037109,18.3967895507813,9.9932861328125,10.9938859939575,10.5085802078247,31.2817401885986,11.3949794769287,0.639211475849152,0.252521187067032,0.997283756732941,0.300207376480103,0.864930927753448,1.05814504623413,0.407132863998413,0.389768749475479,0.10848243534565,0.238619700074196,1.79629778862,1.37327694892883,6.33061027526855,2.69209861755371,2.64159488677979,11.553653717041,2.4507474899292,8.91394233703613,10.3272247314453,7.27540922164917,4.24618721008301,5.0401816368103,11.7598943710327,3.34220743179321
81,MDG,Madagascar,3.57454347610474,3.80854344367981,3.41377711296082,3.89420795440674,2.3510525226593,4.77025938034058,4.25081253051758,4.17492151260376,3.22290730476379,2.78919649124146,2.88422012329102,8.85859775543213,2.99299955368042,3.15772366523743,3.66072583198547,2.3510525226593,4.3818564414978,4.04151964187622,3.83634781837463,2.9853675365448,2.5435471534729,2.71511101722717,8.67907810211182,2.99299955368042,15.0444030761719,13.8451080322266,15.8378496170044,11.316614151001,17.5041618347168,16.388011932373,15.1006488800049,9.62009239196777,11.0874366760254,12.2940626144409,34.6510696411133,14.7966785430908,12.0553026199341,11.9624643325806,12.8156547546387,8.87764835357666,14.1520576477051,12.1593112945557,11.7337694168091,6.85723733901978,8.77422523498535,9.91482257843018,28.3080615997314,12.7930774688721,3.9611804485321,5.86209297180176,3.3718957901001,3.6831226348877,2.19760179519653,5.1248664855957,4.62137413024902,3.9644558429718,2.60245370864868,2.64036297798157,10.6795978546143,3.95951461791992
82,MEX,Mexico,5.74897718429565,11.8275594711304,10.3066387176514,15.3090877532959,5.15164232254028,16.0943470001221,13.566517829895,11.99729347229,5.44789600372314,7.34967660903931,9.84063911437988,14.0718822479248,11.1613731384277,5.94428443908691,7.42913627624512,4.04987525939941,6.83492565155029,5.52567100524902,6.12929916381836,2.67019844055176,2.85000467300415,6.78699111938477,7.38570261001587,4.66470432281494,31.7405071258545,28.1519050598145,38.6970977783203,20.2485466003418,39.085376739502,35.8435668945313,32.3960304260254,18.9930267333984,19.6399822235107,23.6674213409424,38.3365440368652,29.71462059021,5.55257940292358,4.20881271362305,7.86327409744263,2.25235772132874,7.6618537902832,7.08898591995239,3.46599149703979,1.31838726997375,0.702720522880554,3.95509719848633,7.93664693832397,11.5758199691772,9.77230453491211,3.66865849494934,7.76244831085205,13.1032037734985,3.94855260848999,13.4944458007813,12.0702896118164,9.49228763580322,4.05921602249146,7.13021183013916,12.5442485809326,10.5987501144409
84,MLI,Mali,6.25243186950684,8.03821468353271,4.82762861251831,8.72480392456055,6.68511962890625,8.93319702148438,11.360011100769,9.54524326324463,6.25485038757324,7.72861099243164,8.13236999511719,9.1942834854126,5.27078151702881,4.10008335113525,7.00272464752197,4.81330919265747,7.20431566238403,8.47933578491211,7.29909992218018,4.3036036491394,6.24608755111694,6.41337776184082,6.35638236999512,4.3396110534668,30.9665050506592,23.6454219818115,35.0747871398926,27.263542175293,33.415771484375,38.5411834716797,31.9649429321289,20.2955474853516,24.2888603210449,26.2285175323486,53.7665138244629,29.2274951934814,24.3976497650146,19.8359222412109,27.77028465271,21.1658992767334,26.5352363586426,29.1173877716064,24.0202465057373,15.6374816894531,19.2716293334961,20.644437789917,41.8483505249023,25.1957683563232,6.07278251647949,2.5825047492981,3.79423689842224,7.41652774810791,4.21371746063232,7.30243015289307,8.43025398254395,7.08786916732788,4.25766801834106,4.17708253860474,12.3092222213745,4.21780157089233
86,MMR,Myanmar,19.0911254882813,19.0911254882813,19.312744140625,20.3545265197754,24.0681381225586,15.7733097076416,18.8397331237793,23.6354198455811,15.7805891036987,23.2417888641357,25.3442325592041,11.2727003097534,5.28878545761108,19.312744140625,20.3545265197754,24.0681381225586,15.7733097076416,18.8397331237793,23.6354198455811,15.7805891036987,23.2417888641357,25.3442325592041,11.2727003097534,5.28878545761108,7.70831251144409,7.43622779846191,7.22365093231201,4.71992635726929,9.70045566558838,8.01695251464844,8.58631324768066,8.97829055786133,4.56681537628174,5.28625965118408,13.6258172988892,5.04157066345215,0.690499901771545,0.512624084949493,0.610525906085968,0.545569539070129,0.787114560604095,0.892273724079132,0.49517160654068,0.900058627128601,0.211293116211891,0.318641483783722,1.59316122531891,1.28376877307892,8.06958866119385,8.90847492218018,9.13054752349854,7.74944496154785,7.13370513916016,8.6934757232666,6.86608839035034,9.85411548614502,6.33697509765625,6.52860832214355,11.3332395553589,2.64946269989014
88,MNG,Mongolia,28.9276847839355,30.3690013885498,29.8460865020752,39.4028472900391,25.6445560455322,33.498664855957,30.9383659362793,38.9545402526855,16.1229610443115,25.1955661773682,36.4607315063477,32.358024597168,5.40857601165771,28.9158668518066,37.1979064941406,25.6445560455322,31.1025581359863,28.9405498504639,37.3634719848633,15.8858518600464,24.6896953582764,36.0008354187012,30.557056427002,4.40262651443481,85.2695159912109,87.4779052734375,90.2608032226563,80.6844711303711,88.3068389892578,82.8649749755859,89.7770156860352,77.3984451293945,71.6372985839844,86.0716018676758,90.5106811523438,72.1650390625,21.8971481323242,21.2043743133545,28.1305522918701,13.1449851989746,27.6949348449707,22.6514568328857,24.8779411315918,12.0672998428345,7.37986707687378,21.5337562561035,27.4785842895508,13.2311973571777,19.3370590209961,14.1337184906006,22.710729598999,22.6366558074951,9.54134750366211,25.8261318206787,15.663722038269,18.9394474029541,14.0755472183228,18.3641872406006,21.3599433898926,20.4930210113525
89,MOZ,Mozambique,4.98508548736572,11.0257596969604,9.67821502685547,12.7640190124512,8.16339206695557,12.9272565841675,12.4652681350708,10.15625,7.75674057006836,8.58943271636963,10.0531339645386,21.5071334838867,12.6412677764893,5.00502681732178,6.26336574554443,4.30162382125854,5.43911552429199,4.96378374099731,5.24486637115479,2.58111548423767,4.2660665512085,5.19645071029663,8.59699153900146,4.65611982345581,34.1068878173828,26.8530197143555,40.2837181091309,19.6035003662109,43.7416152954102,41.8557929992676,33.2763328552246,22.4905548095703,27.1568031311035,30.3721790313721,66.9439468383789,35.5859336853027,21.8668212890625,17.101095199585,26.2920913696289,11.6255168914795,28.6702098846436,26.9577827453613,19.2782764434814,13.544527053833,16.4660949707031,18.1966705322266,48.3924407958984,26.1354808807373,10.7993764877319,9.22873210906982,8.8229866027832,11.6345462799072,6.82016897201538,13.4427995681763,12.9106464385986,10.2880697250366,7.59144496917725,9.49416732788086,24.9405059814453,11.5873785018921
90,MRT,Mauritania,7.4722146987915,9.24529552459717,7.23966121673584,12.7473783493042,6.66903495788574,10.962779045105,11.2614288330078,11.2892036437988,5.57442665100098,7.09977579116821,8.14270782470703,12.97873878479,5.18132734298706,6.26180934906006,11.3233203887939,5.28296566009521,8.93169498443604,8.68895721435547,9.27584075927734,3.43550252914429,5.51234531402588,7.70453119277954,10.7973289489746,3.80058622360229,15.6898412704468,10.8872213363647,21.6946868896484,10.2381706237793,19.3242416381836,20.5176048278809,18.361457824707,9.39558887481689,10.0227365493774,10.6464977264404,25.3934688568115,10.5460367202759,4.01237773895264,4.13251447677612,5.31257009506226,3.27411890029907,4.50454425811768,3.89161252975464,3.93927478790283,2.64952182769775,3.72260212898254,1.70976722240448,4.4614725112915,4.16679906845093,9.13121604919434,5.01752710342407,6.23171091079712,13.0557594299316,3.86155772209167,12.6442756652832,12.0459022521973,11.1853170394897,4.63794994354248,6.53665828704834,16.5444087982178,5.36760997772217
91,MUS,Mauritius,10.1109161376953,22.8775882720947,14.5784673690796,29.5914344787598,13.1548290252686,29.3487586975098,31.5837211608887,25.1428089141846,10.2719278335571,15.4859380722046,20.8737545013428,27.8109016418457,13.7309551239014,6.05358123779297,13.6144161224365,5.34646892547607,13.2819862365723,14.3672332763672,11.9371213912964,3.53287982940674,7.02818489074707,8.70848846435547,12.1717805862427,2.73696732521057,68.5118103027344,60.3057518005371,76.3328323364258,58.5135765075684,75.1663284301758,77.1203079223633,72.0520477294922,53.8273582458496,64.1025695800781,66.8889312744141,71.7412796020508,54.2168388366699,5.62693691253662,4.67269706726074,7.56551027297974,3.89486145973206,6.77975416183472,6.62797546386719,4.95197200775146,1.98714733123779,2.67049121856689,5.60168790817261,7.57911443710327,8.35234928131104,24.3633842468262,15.2412891387939,23.1189842224121,29.2218647003174,15.3865661621094,30.3380813598633,25.6688117980957,22.9255390167236,9.95202255249023,22.474063873291,33.7729644775391,30.1691951751709
92,MWI,Malawi,8.46898937225342,8.5999231338501,8.15544986724854,9.60874557495117,7.87509918212891,9.08069801330566,9.08572864532471,9.72517585754395,5.07722330093384,7.86677694320679,8.86393356323242,10.6909742355347,6.89823484420776,8.15544986724854,9.44031524658203,7.87509918212891,8.86291599273682,8.81168460845947,9.51110744476318,5.07722330093384,7.86677694320679,8.71988391876221,10.2083654403687,6.89823484420776,27.6124439239502,24.6773109436035,31.7094917297363,16.589599609375,34.9238967895508,30.8205242156982,28.2028312683105,13.3060131072998,20.1305541992188,25.9108219146729,47.4425888061523,26.9582233428955,20.3028316497803,17.990608215332,23.2569980621338,10.3937540054321,26.8755187988281,22.8300724029541,20.2587757110596,9.98720932006836,13.6219053268433,19.0464611053467,38.4582099914551,20.5826377868652,8.69729042053223,2.79181671142578,5.80753755569458,10.3884878158569,5.7549090385437,10.6489706039429,11.855767250061,9.12292289733887,5.95699501037598,7.76961088180542,16.1497554779053,8.10985374450684
93,MYS,Malaysia,12.315691947937,23.3599700927734,20.6425647735596,24.877067565918,16.1678581237793,28.1115322113037,25.7998027801514,24.1231212615967,19.4948673248291,13.2059392929077,15.7145719528198,24.6420421600342,21.2870349884033,11.1055793762207,13.3351440429688,9.33893966674805,14.2823247909546,13.4021968841553,12.1243286132813,9.71844387054443,10.0148439407349,9.51676082611084,13.0314826965332,12.8354911804199,70.4195709228516,64.2165985107422,75.4409408569336,61.4328193664551,76.3567810058594,75.9889297485352,69.9677886962891,57.626651763916,53.8243179321289,63.8428688049316,74.0944976806641,71.6467208862305,10.8763332366943,8.74234390258789,13.4269104003906,9.7374439239502,11.628755569458,12.7923431396484,8.87118721008301,4.37825012207031,7.99428081512451,8.21851921081543,11.211989402771,16.322868347168,37.7697486877441,26.7148342132568,35.3527412414551,42.1089363098145,32.4388236999512,41.2916946411133,39.9398651123047,36.2409820556641,23.7413139343262,31.8936920166016,41.5490112304688,41.9223022460938
94,NAM,Namibia,8.71772193908691,16.9411487579346,15.3429718017578,19.2034015655518,10.4973077774048,21.2247581481934,18.778938293457,18.777961730957,11.6082162857056,12.3010921478271,14.718731880188,19.483757019043,13.9738931655884,7.54360914230347,10.924370765686,4.46644163131714,11.5438022613525,10.0678663253784,10.1166591644287,3.51586556434631,7.65079641342163,8.66282844543457,9.45858764648438,6.26636743545532,71.4194488525391,70.6418151855469,76.0710601806641,55.1142082214355,82.2585144042969,72.3136596679688,73.7721252441406,60.4539337158203,60.6746559143066,68.2019119262695,77.8243713378906,67.3617401123047,43.4294700622559,42.0497360229492,46.9645195007324,29.1515789031982,52.920841217041,45.0160636901855,42.2950286865234,35.0960922241211,33.4554328918457,38.9081268310547,49.3514518737793,45.9880065917969,34.4358825683594,26.4420604705811,34.1551704406738,37.8268966674805,23.4256572723389,41.7550430297852,34.7586822509766,37.217830657959,28.5834465026855,34.6292114257813,38.1253051757813,30.3462390899658
95,NER,Niger,2.75275564193726,3.79921245574951,3.88783955574036,4.80207872390747,4.67345142364502,3.21798849105835,3.71431183815002,4.0769739151001,2.16417646408081,3.57741498947144,3.71312618255615,8.1693811416626,2.83667898178101,2.72259664535522,3.42911767959595,2.7590856552124,2.74854707717896,2.78164625167847,2.94561672210693,1.65003991127014,2.52722644805908,2.77937412261963,6.94262742996216,2.50588798522949,13.0275640487671,8.15873622894287,18.3435440063477,8.59147071838379,15.9768285751343,17.6916561126709,15.0452375411987,4.36059045791626,11.5427885055542,11.2682580947876,39.4469299316406,9.63273811340332,8.7172384262085,5.25817441940308,12.7108097076416,6.71124076843262,10.050892829895,12.0308485031128,9.62574100494385,2.20626926422119,8.28123950958252,7.10201120376587,17.5933971405029,7.43680810928345,1.90352940559387,0.603322267532349,1.70105504989624,2.70102524757385,1.25503170490265,2.33467268943787,2.09748959541321,2.92173528671265,1.31360244750977,1.68079876899719,10.6562395095825,0.250963896512985
96,NGA,Nigeria,3.9777774810791,5.30332803726196,4.76435375213623,6.18551683425903,3.35031199455261,6.60067796707153,5.81404066085815,5.32864236831665,2.75862646102905,1.70660507678986,3.78246188163757,8.30553531646729,5.46629619598389,3.76829504966736,4.68435001373291,2.8063371181488,4.75594234466553,4.1762752532959,3.84256958961487,1.93964672088623,1.70660507678986,2.77682042121887,5.90042066574097,4.38897514343262,29.6604251861572,20.824556350708,32.9973297119141,18.2558269500732,37.2362747192383,38.0329666137695,34.0083465576172,20.0350189208984,8.26054096221924,22.7747192382813,47.4421157836914,22.1764450073242,5.60616493225098,3.89610648155212,6.31429862976074,2.78520345687866,7.48007440567017,7.22655344009399,6.00397157669067,3.56353259086609,1.2843189239502,2.64501976966858,9.18088436126709,5.08309268951416,20.5517196655273,12.3037376403809,13.4107160568237,23.4111003875732,13.3572559356689,25.3308601379395,27.3182697296143,22.0386848449707,7.45598888397217,17.242395401001,31.2807712554932,18.5805034637451
97,NIC,Nicaragua,11.0091848373413,13.4276924133301,13.1117868423462,15.9143333435059,11.0497789382935,15.0094299316406,13.769136428833,15.3496961593628,7.97669315338135,8.95413017272949,13.2805109024048,15.735143661499,9.84096336364746,11.4595947265625,13.0712080001831,9.96254634857178,11.7053871154785,10.5223617553711,13.1712093353271,6.4889965057373,7.73202800750732,10.2634105682373,12.6995344161987,6.97454595565796,24.572135925293,18.2763824462891,28.2901554107666,14.8356256484985,31.0486583709717,31.3768539428711,25.9468078613281,16.4218120574951,15.7638187408447,26.541862487793,29.115442276001,22.0068035125732,3.92741680145264,3.24693846702576,4.35412836074829,3.7953507900238,4.0152645111084,4.66290664672852,2.57801628112793,2.99201726913452,2.82515335083008,3.80754065513611,4.49596118927002,6.44558668136597,8.06156253814697,3.39649844169617,5.71438598632813,10.1896753311157,5.24831819534302,9.93287467956543,10.5984926223755,9.82361602783203,4.90035820007324,8.50143051147461,9.69210338592529,4.77332639694214
102,PAK,Pakistan,2.28199672698975,2.63690304756165,1.7039088010788,5.19590520858765,2.71949315071106,2.58199524879456,3.50753116607666,3.87822437286377,0.988641500473022,2.30142045021057,2.34038496017456,3.43740630149841,0.199612677097321,1.45808398723602,4.33548450469971,2.59373998641968,2.07474207878113,3.05083441734314,3.34262466430664,0.95933872461319,2.21387958526611,2.2120041847229,2.45150542259216,0.199612677097321,17.6907806396484,5.33768129348755,29.6720504760742,11.1135759353638,22.0634708404541,29.2181243896484,19.8852939605713,9.97360324859619,13.5827913284302,15.2770013809204,27.4346618652344,13.436749458313,6.88555765151978,0.793707013130188,12.2965850830078,3.20829606056213,9.33029460906982,12.5701951980591,6.95752811431885,3.40029740333557,4.18982696533203,6.3544774055481,13.2607984542847,6.77257490158081,6.09622716903687,3.20505452156067,1.88263916969299,10.5849056243896,3.15712642669678,8.05021476745605,10.0281543731689,7.84403991699219,3.26148986816406,3.80275583267212,12.7956409454346,2.67448663711548
103,PAN,Panama,8.27042198181152,13.2958917617798,11.4006910324097,16.6407451629639,7.65141153335571,17.0486011505127,15.2868185043335,15.2230234146118,6.74743509292603,6.58058977127075,10.9161539077759,15.5271158218384,7.30465364456177,7.29878044128418,10.166805267334,4.14234256744385,11.0149574279785,9.29113960266113,9.83626556396484,4.55773591995239,4.26565647125244,7.78369140625,9.60168361663818,3.39337372779846,35.0298385620117,30.0320148468018,40.1557464599609,21.6976261138916,43.8937034606934,40.280101776123,37.7835350036621,24.9944877624512,23.8212718963623,28.4029846191406,38.733570098877,26.3028793334961,3.50316882133484,2.19552135467529,4.53396463394165,1.59128212928772,4.77427816390991,4.87686491012573,3.50817847251892,1.48510551452637,1.46668529510498,1.61890685558319,4.17881727218628,3.49993705749512,14.4514713287354,8.34859752655029,10.8426380157471,17.5687274932861,7.67467927932739,18.9569911956787,18.2425861358643,15.313985824585,7.31077575683594,12.257194519043,16.8246231079102,11.8002576828003
104,PER,Peru,14.6981086730957,19.06005859375,15.8859443664551,22.8784198760986,8.54215049743652,26.0671844482422,22.3126087188721,21.9383163452148,9.80093193054199,7.82293891906738,19.3901176452637,21.3463954925537,10.4985933303833,11.8137130737305,17.9572372436523,7.33707904815674,19.6020946502686,17.6537818908691,16.8007526397705,6.79506587982178,6.24639797210693,15.6569871902466,16.4183101654053,8.44373512268066,33.896656036377,26.2857608795166,40.0789909362793,20.1881866455078,43.0293617248535,41.6956214904785,36.9802055358887,18.9051380157471,22.8261241912842,32.7066268920898,36.0778121948242,24.7245388031006,2.63416624069214,2.26308155059814,3.37626266479492,1.66521000862122,3.2796938419342,3.01442074775696,2.16738939285278,0.83465975522995,0.775229692459106,1.92964446544647,3.01154685020447,4.02260780334473,8.20733261108398,3.87615966796875,5.83308553695679,9.9934606552124,1.87971019744873,12.4228525161743,10.6402502059937,8.99446201324463,3.10415410995483,6.99612998962402,9.24491024017334,5.86599111557007
105,PHL,Philippines,9.72516059875488,10.7014207839966,11.1548919677734,13.9779748916626,5.15666151046753,14.3585548400879,10.2351512908936,13.5432748794556,4.5838737487793,6.46379375457764,10.2745847702026,12.4621295928955,3.49271297454834,10.5371932983398,12.5189762115479,5.15666151046753,12.7383871078491,8.89020729064941,12.3185749053955,4.50891876220703,6.18599224090576,9.56772899627686,11.1956634521484,3.14665246009827,25.0894069671631,26.696460723877,28.6050224304199,10.1395788192749,34.9498062133789,23.4369926452637,28.1722927093506,18.525520324707,9.75201988220215,18.412260055542,31.4619979858398,17.2692985534668,4.52129888534546,4.33282423019409,5.48900079727173,0.723220467567444,7.0263819694519,4.71509408950806,4.7016134262085,2.71453452110291,1.918084025383,2.48195219039917,5.60291910171509,4.06391000747681,11.9304141998291,9.98855972290039,13.613507270813,12.9704694747925,4.48084354400635,16.8438968658447,10.1998128890991,13.7563495635986,5.05457210540771,10.8893976211548,14.7872848510742,7.29871034622192
108,PRY,Paraguay,13.2844562530518,15.3877820968628,12.9360198974609,19.0882740020752,10.694263458252,18.5135517120361,17.8207988739014,19.1808185577393,6.31186676025391,11.6003971099854,10.6173152923584,17.5911922454834,5.44975423812866,11.0384836196899,16.2926158905029,9.79960823059082,15.6052799224854,15.513256072998,16.3851261138916,5.90656757354736,11.1589441299438,9.60539627075195,14.5210285186768,5.31739473342896,44.5914993286133,42.5078582763672,46.4229965209961,34.853084564209,51.0770454406738,46.6592063903809,49.9873924255371,40.0995216369629,41.1592559814453,45.828254699707,46.5882949829102,30.7678070068359,28.8817672729492,26.7988052368164,33.2598075866699,22.2844314575195,33.2754325866699,30.9487991333008,31.2863311767578,18.1440753936768,20.9713115692139,26.8386402130127,33.4838790893555,22.7386837005615,6.29500007629395,1.60177516937256,3.7829167842865,8.20855140686035,2.012211561203,9.14723110198975,8.78787422180176,7.70845651626587,3.68050003051758,2.84149169921875,7.8160514831543,2.66362810134888
110,ROU,Romania,14.9314661026001,19.8624401092529,18.0800609588623,24.5033779144287,14.4556283950806,23.4587459564209,21.8528156280518,21.8939723968506,13.7693958282471,9.51578903198242,17.9418258666992,24.565357208252,7.79445934295654,15.0634241104126,18.2293376922607,12.0736465454102,16.8323249816895,14.7841081619263,16.629093170166,10.6017169952393,8.66894054412842,14.9186868667603,17.778003692627,4.84698534011841,47.2252235412598,45.1762390136719,57.4701728820801,29.5185565948486,59.0026931762695,49.5133094787598,48.5048141479492,33.7747192382813,21.3828144073486,41.1207809448242,58.971508026123,39.6240043640137,2.99016952514648,3.79744124412537,3.525146484375,1.70214939117432,3.84688758850098,2.08869361877441,2.91676259040833,2.28780341148376,0.0,1.94431900978088,4.34930658340454,3.42623138427734,13.5826482772827,11.5527534484863,11.9630565643311,15.12877368927,5.71443843841553,18.8161334991455,15.3912363052368,14.1149282455444,8.34140110015869,12.9749355316162,15.9649791717529,10.4207229614258
112,RWA,Rwanda,7.68616104125977,8.08560562133789,6.3785514831543,8.71591091156006,4.08250045776367,10.7535972595215,10.0175018310547,9.89413166046143,3.2735607624054,6.99740219116211,7.03864765167236,15.2350740432739,4.52321147918701,6.3785514831543,8.26414489746094,4.08250045776367,10.0879306793213,9.16600131988525,9.53016567230225,3.2735607624054,6.57381105422974,6.83483791351318,14.9942684173584,4.05388259887695,38.9230995178223,33.4862823486328,39.2258377075195,23.9139862060547,48.926383972168,45.0760231018066,40.2373085021973,36.6118621826172,35.3444557189941,37.6660499572754,62.4347038269043,36.3344039916992,31.1146411895752,26.0144710540771,31.7486915588379,15.2302846908569,41.7012557983398,36.8865776062012,30.5694255828857,26.2740097045898,26.9817714691162,29.7141380310059,58.2674674987793,32.1885948181152,18.921407699585,14.5679368972778,15.5508337020874,19.4916458129883,7.69748544692993,26.4019317626953,22.735933303833,21.048152923584,15.7768754959106,17.6421890258789,39.5808944702148,14.732195854187
114,SEN,Senegal,6.5762243270874,7.81602621078491,7.5510516166687,10.1705293655396,5.2492561340332,9.52483558654785,8.11410522460938,9.05265522003174,4.55948209762573,6.36911630630493,7.10203123092651,11.0677137374878,5.27042531967163,6.11181592941284,8.82256603240967,3.30375576019287,8.75484848022461,7.0986533164978,7.76819276809692,3.46928024291992,5.07009696960449,5.6964545249939,9.95180797576904,4.08001184463501,39.5242233276367,35.6504325866699,48.0255508422852,32.755931854248,44.0301666259766,43.8819770812988,43.5265083312988,27.7659244537354,34.8385124206543,35.3933601379395,51.4718818664551,32.086498260498,31.7980918884277,29.0533905029297,38.7432174682617,26.8226833343506,35.1104354858398,34.8856964111328,34.7299118041992,22.192195892334,27.2426128387451,28.1441860198975,43.4746475219727,26.7008190155029,7.2872953414917,1.86444020271301,4.73013687133789,11.2080554962158,3.30383849143982,9.93925380706787,10.1639270782471,9.72911167144775,4.56445980072021,6.39222478866577,15.499605178833,2.84952545166016
115,SGP,Singapore,15.6406421661377,46.8964233398438,47.6531066894531,62.2877006530762,24.604923248291,61.699390411377,46.0774345397949,53.4518356323242,15.2525310516357,13.7650566101074,100.0,54.9749908447266,9.02756786346436,15.5598239898682,21.6013736724854,10.0998640060425,19.320068359375,15.7281141281128,18.0730800628662,3.38559198379517,5.67275762557983,0.0,18.0759620666504,1.58909451961517,90.1014938354492,88.7862854003906,97.6631317138672,85.8660659790039,92.9140853881836,91.5249938964844,92.0946884155273,74.555046081543,74.7830963134766,100.0,93.8767395019531,78.5873336791992,9.54800796508789,7.85845422744751,12.9825477600098,3.74050402641296,13.4045572280884,11.3766851425171,10.5635766983032,2.48672080039978,1.24965691566467,0.0,11.5645303726196,3.68133664131165,66.903076171875,50.1863403320313,66.519775390625,75.0339279174805,54.3652610778809,75.2289733886719,67.3179397583008,68.7481842041016,46.2883148193359,100.0,71.7341537475586,56.2443618774414
116,SLE,Sierra Leone,4.27159786224365,5.19576406478882,6.07527637481689,5.67235326766968,3.01219511032104,6.64671230316162,4.21478509902954,5.98294591903687,4.22317409515381,4.2282977104187,4.07018852233887,8.06968402862549,3.52195644378662,5.37056732177734,4.98505544662476,1.76571035385132,5.93672227859497,3.04584383964539,5.355788230896,2.81562328338623,3.47634673118591,3.64027428627014,7.09956216812134,1.96625292301178,15.6149940490723,12.3407535552979,15.2038841247559,10.4361524581909,19.0562553405762,19.266975402832,15.2129259109497,16.4539585113525,9.50697708129883,10.95458984375,36.2350616455078,16.4699230194092,11.0186138153076,8.72595596313477,10.1377553939819,6.57786226272583,13.9694261550903,13.5757684707642,11.0301332473755,12.8162088394165,6.80726766586304,7.96931600570679,25.0676536560059,10.994119644165,5.17982244491577,3.60051107406616,4.07362174987793,5.9537181854248,3.52384495735168,6.2801947593689,6.41364240646362,5.84690046310425,2.58457350730896,3.44906044006348,13.5701847076416,3.76139545440674
117,SLV,El Salvador,8.50911140441895,11.5499172210693,9.60884761810303,14.2598361968994,7.45941305160522,14.2754507064819,13.8975992202759,12.516321182251,6.54532098770142,7.41601753234863,12.0465297698975,15.530403137207,9.1084041595459,7.69325351715088,10.4570503234863,6.58139801025391,9.7935619354248,9.49587345123291,8.44571113586426,4.91171550750732,6.1446647644043,8.6885814666748,10.7858095169067,8.66928577423096,23.6029376983643,18.2791175842285,29.8253479003906,14.572265625,29.6201400756836,30.0419807434082,24.8817825317383,12.1115751266479,13.9548645019531,20.6913394927979,32.8929557800293,20.3720741271973,3.54961490631104,2.18490052223206,4.17404508590698,2.22909069061279,4.42948961257935,5.20020627975464,3.11023187637329,2.39643573760986,1.77302360534668,3.71181440353394,5.26027393341064,4.65966892242432,10.9092931747437,6.48415374755859,8.5823450088501,13.3054437637329,4.96813297271729,14.8679332733154,13.7236852645874,12.2299861907959,8.1398754119873,8.92534446716309,13.5759334564209,7.57270526885986
123,TCD,Chad,2.79351687431335,3.85755300521851,2.24292635917664,5.51393270492554,3.65843725204468,3.9902925491333,5.55693387985229,4.50451850891113,1.6741988658905,2.95924043655396,3.59001159667969,10.1732635498047,2.71102523803711,2.15580821037292,4.02439165115356,3.54255318641663,2.29417419433594,3.4646999835968,3.55879473686218,1.17104184627533,2.21730732917786,2.80740809440613,6.8602123260498,1.43564581871033,19.0424385070801,13.5988817214966,21.9451274871826,11.8895101547241,23.8109111785889,24.7717342376709,20.0230808258057,15.2162628173828,15.8830270767212,17.9450550079346,41.522289276123,17.3170738220215,15.2334098815918,10.9052791595459,16.3301753997803,9.91574001312256,18.7784156799316,19.7887325286865,15.2088060379028,13.787712097168,13.5298757553101,15.0756883621216,27.5967178344727,15.2915744781494,2.53031635284424,0.195536464452744,1.58483457565308,4.30157423019409,1.97819340229034,2.89838695526123,3.52542805671692,3.56120729446411,1.44540691375732,2.50164985656738,10.0540580749512,0.699987828731537
124,TGO,Togo,7.51126623153687,9.14330863952637,9.12687301635742,9.7014684677124,7.66863441467285,10.1256666183472,9.15987968444824,9.5232458114624,7.71222352981567,8.71443843841553,8.75655364990234,9.86626625061035,8.47982406616211,8.05067825317383,8.52975463867188,6.49873399734497,8.18576812744141,6.96738004684448,8.41320610046387,4.89993238449097,7.74742984771729,7.29468011856079,7.93645811080933,5.7370023727417,31.3299503326416,23.1634368896484,33.587890625,23.2337379455566,36.7232666015625,39.5642204284668,29.6482200622559,25.5407428741455,23.8652515411377,31.7206974029541,43.1464729309082,34.2114906311035,21.4573764801025,15.9853782653809,23.7216510772705,16.4055004119873,24.8226985931396,26.9747695922852,19.5311889648438,15.6519298553467,16.8818950653076,23.0715236663818,29.9810256958008,24.7098159790039,11.7776069641113,12.1175136566162,9.63726902008057,11.6450347900391,5.74933385848999,15.7933597564697,13.9357032775879,11.9372844696045,7.95113658905029,11.2613039016724,17.3675212860107,11.6101245880127
125,THA,Thailand,15.2005624771118,20.400577545166,21.8188514709473,22.8568363189697,20.2835426330566,20.4785308837891,18.7606620788574,22.5849723815918,12.2771215438843,20.1809329986572,20.4211139678955,20.7800693511963,8.98830032348633,16.4650344848633,16.7959175109863,17.9669494628906,13.3579816818237,13.7384805679321,17.723237991333,9.9243278503418,18.9631462097168,16.1865978240967,11.1300630569458,2.02093410491943,62.2738723754883,62.1590118408203,65.7394790649414,55.2419052124023,66.9575805664063,62.4066772460938,62.9017295837402,50.8122100830078,52.6427383422852,59.5505828857422,73.3675003051758,58.9936332702637,8.25685977935791,5.63486051559448,9.24621772766113,3.32298278808594,11.5431175231934,11.2886199951172,6.83043813705444,4.98480367660522,1.23560523986816,5.39498043060303,16.0967712402344,15.7091436386108,38.8010215759277,27.5299072265625,35.8907356262207,42.2090225219727,25.4063167572021,47.7227020263672,42.1661262512207,40.3512763977051,29.8823356628418,35.6083526611328,48.3427047729492,30.7017707824707
129,TUN,Tunisia,8.50571823120117,11.7346725463867,7.44977378845215,17.1377201080322,4.30722713470459,16.6747894287109,16.1607246398926,13.8475093841553,4.82321548461914,4.75896072387695,7.72134733200073,17.6166343688965,2.55855250358582,5.01046085357666,11.7106609344482,3.74882102012634,11.6696100234985,12.116117477417,10.2092437744141,4.40602874755859,4.21044397354126,5.96211910247803,12.0858545303345,1.10442388057709,29.4126396179199,21.3102645874023,39.6975631713867,16.7490921020508,37.8353729248047,37.7819213867188,32.542797088623,16.2563934326172,16.9515171051025,22.4196338653564,39.4618186950684,15.5577926635742,2.03718972206116,2.38790035247803,3.13221335411072,1.75164437294006,2.22711086273193,1.67492592334747,2.09989666938782,0.636460423469543,1.06056094169617,1.44175672531128,2.83338117599487,1.76985204219818,18.3410816192627,7.75092458724976,14.2098112106323,26.6199588775635,5.34561729431152,26.9845790863037,22.6084403991699,20.1507949829102,7.77392673492432,12.1992559432983,26.8439025878906,10.2098960876465
130,TUR,Turkey,13.7832164764404,42.8412055969238,34.0773048400879,61.285285949707,30.7820472717285,50.8225212097168,51.6711730957031,45.707218170166,21.3485622406006,22.5171871185303,34.0612335205078,52.7378692626953,32.0072746276855,11.4426717758179,19.609733581543,11.8107233047485,15.0887041091919,16.1414051055908,14.0109004974365,6.99365425109863,7.13647842407227,13.0922031402588,17.0198078155518,12.9225368499756,63.7564888000488,50.3149642944336,85.2250747680664,52.0895233154297,71.4782333374023,77.2993469238281,66.8006896972656,38.739429473877,50.5515289306641,58.6348609924316,70.1865768432617,52.2489852905273,16.4119529724121,14.3019857406616,26.1100559234619,11.966495513916,19.3541622161865,18.5378246307373,15.3836097717285,5.11088275909424,7.61360740661621,13.3396863937378,20.6962547302246,20.2992286682129,22.8784255981445,9.35396862030029,18.3619327545166,34.4845428466797,13.9340934753418,28.7982025146484,27.4289646148682,23.4062023162842,11.9660882949829,17.5888042449951,28.1921234130859,20.8833465576172
132,TZA,Tanzania,5.29442596435547,5.29442596435547,4.56946563720703,6.87756299972534,3.1432318687439,6.71864604949951,6.05133152008057,6.77831983566284,1.57084894180298,4.50842761993408,5.29780244827271,8.06364727020264,2.36956715583801,4.56946563720703,6.87756299972534,3.1432318687439,6.71864604949951,6.05133152008057,6.77831983566284,1.57084894180298,4.50842761993408,5.29780244827271,8.06364727020264,2.36956715583801,42.9927062988281,37.780948638916,50.5392303466797,34.9291038513184,48.3312950134277,48.4341125488281,44.4648971557617,25.2430858612061,37.3143196105957,41.6130676269531,62.9987297058105,40.2525863647461,38.538028717041,33.1973304748535,45.345043182373,30.3687515258789,43.9465827941895,44.1140594482422,39.324146270752,22.5277652740479,33.2851943969727,37.7520637512207,57.044750213623,37.1416168212891,6.10644721984863,2.75951886177063,4.49175310134888,7.5294451713562,3.88552474975586,7.57683086395264,7.79229021072388,7.32712459564209,3.84167647361755,5.80854988098145,14.0856561660767,3.70790672302246
133,UGA,Uganda,13.7171983718872,14.670708656311,13.6323471069336,16.4677238464355,8.92164421081543,18.4737224578857,15.770658493042,16.777853012085,8.48694324493408,11.1969108581543,14.2678680419922,19.7151756286621,11.6059885025024,13.4479942321777,15.3593835830688,8.76006031036377,16.9963512420654,14.002368927002,16.2920398712158,8.06622314453125,10.5607004165649,13.319751739502,18.3073348999023,9.96908092498779,54.6898307800293,47.6088600158691,59.3109130859375,43.649585723877,61.9929656982422,62.1907997131348,55.3734245300293,38.7880935668945,42.8677635192871,54.1340827941895,71.2831192016602,53.6580200195313,50.581241607666,42.9717445373535,55.0861968994141,39.6297378540039,57.8256797790527,58.6420822143555,50.4633903503418,35.0791168212891,39.3148384094238,50.1235122680664,66.3382720947266,50.716178894043,12.7026338577271,6.19218397140503,10.61732006073,14.5945844650269,8.13700771331787,15.7227993011475,14.9116325378418,14.1072969436646,8.25608253479004,12.1063108444214,18.4050540924072,10.5867824554443
138,VEN,"Venezuela, RB",7.61306571960449,27.6618175506592,21.5351181030273,32.9285888671875,17.046178817749,34.7076530456543,34.417652130127,31.9669399261475,10.2475032806396,9.68948268890381,26.4644298553467,33.1209983825684,12.7940731048584,4.96784543991089,8.67954540252686,6.15372753143311,8.58166027069092,10.52991771698,8.01278781890869,4.08680486679077,3.14465546607971,7.70605373382568,8.97176933288574,6.23262500762939,68.7667922973633,65.5007934570313,73.5775756835938,52.7841758728027,79.3748092651367,72.3681640625,74.1886825561523,52.8601570129395,48.9035034179688,66.8433456420898,74.8322906494141,50.0422782897949,10.9703826904297,8.16605567932129,13.8655843734741,5.80352640151978,14.3997402191162,14.0626792907715,12.0270528793335,1.39754617214203,6.29129791259766,9.13150501251221,12.3988628387451,7.32117223739624,19.403621673584,16.2952194213867,15.2322444915771,20.3437232971191,11.4521074295044,24.6812171936035,24.003345489502,18.2703800201416,11.1281652450562,15.023943901062,21.9300403594971,23.3172740936279
139,VNM,Vietnam,20.6053333282471,21.7156963348389,19.2292709350586,25.6727848052979,23.351203918457,20.6253910064697,24.4217014312744,23.2647800445557,11.0739850997925,26.1481761932373,24.6131114959717,19.2425994873047,16.0530185699463,18.390115737915,24.1865653991699,22.8629703521729,19.100284576416,23.0161762237549,22.0068626403809,10.974404335022,26.1481761932373,23.8561248779297,17.4168338775635,15.4870347976685,22.7357273101807,22.9885330200195,26.1961364746094,12.5790357589722,29.5066566467285,22.4605941772461,21.3505096435547,13.4297208786011,8.85594272613525,18.9716167449951,31.8601703643799,28.0189247131348,3.49950075149536,3.631995677948,3.90503692626953,0.977884531021118,5.18052911758423,3.35530519485474,2.4004852771759,2.40890049934387,1.16008198261261,2.29660058021545,5.0475606918335,7.61541271209717,14.4826593399048,9.60916805267334,16.2347221374512,16.2948513031006,9.00311946868896,18.1355781555176,12.5758695602417,13.7772130966187,4.57355546951294,12.1330432891846,20.8982582092285,17.1883411407471
141,ZAF,South Africa,9.2566385269165,13.5039672851563,12.1727504730225,16.6018466949463,9.65902423858643,16.0501174926758,14.924674987793,14.6112232208252,8.05642604827881,7.5805401802063,13.0168809890747,15.7909679412842,10.8135890960693,7.90201854705811,11.4635648727417,7.1282811164856,10.6660528182983,10.7023220062256,10.5702524185181,5.375816822052,5.31699848175049,9.04830169677734,10.7844133377075,5.99286031723022,60.1070938110352,61.1355056762695,66.8352584838867,51.6825141906738,65.6859130859375,59.0095405578613,61.7895736694336,48.2757835388184,54.2051963806152,59.7121162414551,62.8009185791016,55.3760223388672,19.016845703125,18.6401767730713,24.8610515594482,12.0606670379639,23.6232795715332,19.4188365936279,19.9167346954346,8.73996257781982,12.1705808639526,19.1357727050781,21.7431716918945,16.9159164428711,22.0916290283203,13.5802221298218,18.6518096923828,26.9318523406982,14.6880235671997,26.9943466186523,25.7626857757568,22.7070255279541,22.6436061859131,22.1286277770996,21.7643508911133,19.6872272491455
142,ZMB,Zambia,8.76205730438232,10.4101572036743,6.44452476501465,12.0971736907959,4.67884826660156,14.2285108566284,14.5414533615112,10.7525424957275,7.26790332794189,5.77540349960327,10.2098121643066,14.8224411010742,9.71107196807861,5.94687223434448,10.4855909347534,4.49472951889038,11.6050672531128,11.6948471069336,9.28522491455078,5.55178737640381,5.36696529388428,9.41376399993896,11.9971408843994,7.75528860092163,38.7376937866211,34.8390235900879,44.9587860107422,26.5270328521729,46.8727722167969,42.7992324829102,40.0308074951172,27.1502342224121,22.244234085083,34.3087730407715,54.4438705444336,36.3668937683105,27.8423900604248,25.8230800628662,32.369930267334,18.5140132904053,34.0572128295898,29.9460582733154,27.0591220855713,19.4093551635742,14.524543762207,25.5115413665771,40.5155982971191,28.9030284881592,13.5652942657471,7.86707782745361,12.2771825790405,16.6245594024658,4.91589546203613,19.3277606964111,14.9072170257568,14.2822685241699,6.73375034332275,12.163444519043,19.8041973114014,12.2512493133545
143,ZWE,Zimbabwe,3.97001099586487,4.72400379180908,3.6252384185791,5.0864109992981,1.20898103713989,7.06215858459473,5.92054462432861,5.40910387039185,3.91783905029297,1.82928383350372,2.90697932243347,6.39563035964966,3.41394233703613,3.04268980026245,4.35658931732178,0.886360287666321,6.02122211456299,4.97985124588013,4.38106632232666,3.11007881164551,1.37735795974731,2.4553554058075,5.46619939804077,3.19505071640015,52.5038528442383,48.636775970459,56.2672309875488,41.7885856628418,59.6315307617188,56.7150459289551,55.9633445739746,44.1323356628418,34.9879341125488,45.0591468811035,62.5214042663574,45.8084335327148,48.5816345214844,46.2018623352051,52.3629493713379,40.2301139831543,54.1369743347168,51.1731758117676,51.4544982910156,40.1702003479004,31.9050045013428,42.6893501281738,58.1047058105469,43.0091705322266,5.31123828887939,2.88322114944458,3.80196189880371,6.4027419090271,1.95690655708313,7.54250383377075,6.95482063293457,6.1942572593689,2.87934637069702,3.09710574150085,6.72075319290161,3.61513614654541
